HHID_panel,HHID2010,parent_key2016,householdid2020,panel_2010_2016,panel_2010_2020,panel_2016_2020,panel_2010_2016_2020
KUV45,1,uuid:038e545c-f964-4b54-b888-13c91f17698a,446,0,0,1,0
KAR22,10,uuid:1b1c8141-0b67-42a1-990c-78d15a624f50,516,0,0,1,0
KOR21,100,uuid:fa73ad2c-c373-4292-96ad-4e4830209e5d,445,0,0,1,0
MAN40,101,uuid:faea44d4-0d88-487f-8ed2-96e7da3f6312,489,0,0,1,0
ORA50,102,uuid:fb2fc753-1d99-41b9-8d73-89d27b600fd1,471,0,0,1,0
KAR5,103,uuid:feb1c558-4e92-4889-ac7e-e19293518c7d,519,0,0,1,0
ELA29,104,uuid:fffc3b3e-1064-49be-bf18-20abdbde83fd,529,0,0,1,0
ORA16,11,uuid:1c8ab7d5-6d4c-41eb-b440-68c930e30c72,467,0,0,0,0
MANAM44,12,uuid:1cfd41ea-e248-4e47-8833-a6c2f77b5490,495,0,0,1,0
KAR31,13,uuid:1d812573-8be9-4a1c-948e-1ee90f9ed6e3,511,0,0,1,0
ORA7,14,uuid:1f650ee6-c990-4f7c-972d-3bb220bed9e7,472,0,0,1,0
SEM11,15,uuid:230d6cc6-be41-4fee-b970-682dd4f70c10,432,0,0,1,0
MANAM35,16,uuid:233d292c-867e-45ef-aad1-af8ee4ef3804,496,0,0,1,0
MAN4,17,uuid:29aacd13-e002-4560-b344-97a25c04c4f8,485,0,0,1,0
KUV51,18,uuid:2e8a26e0-c71f-4bf0-b572-fb2f44633d90,452,0,0,1,0
GOV30,19,uuid:2f48f01f-09af-4faa-8c20-34891320097f,500,0,0,1,0
KAR40,2,uuid:04126475-75a2-4e1e-9f0d-a5e57163a4e6,515,0,0,1,0
KUV24,20,uuid:2fd71d69-8643-44bc-93f5-8ea6b8289cf8,453,0,0,0,0
GOV27,21,uuid:32e6f7f1-2a9a-4d74-bfab-de667b79aaf0,501,0,0,1,0
KUV5,22,uuid:35591049-0c3e-4dac-836a-958f07745c35,454,0,0,1,0
MAN24,23,uuid:357ea343-4a42-44b3-9ccb-f144ebbeef3f,480,0,0,1,0
ORA11,24,uuid:35c893c2-0912-40b9-9c97-148255aa8a4c,468,0,0,1,0
MAN6,25,uuid:383008e1-40ea-4694-b14f-72f76484b277,481,0,0,1,0
ORA20,26,uuid:3971e1ab-eebd-4aae-a3a2-7d282428a7a5,473,0,0,1,0
NAT42,27,uuid:3f2b9b0a-a483-4214-9970-f9e2ce19dd2f,456,0,0,1,0
MANAM6,28,uuid:3f9cffe9-c7a8-4057-afd6-b2e14e4a36b8,490,0,0,1,0
KOR28,29,uuid:41655107-4c58-47fe-8d23-2ab0587dc37f,441,0,0,1,0
KAR1,3,uuid:0542e203-ec33-4e6a-8b6a-17b574ce9bf8,510,0,0,1,0
GOV43,30,uuid:43b1009d-7352-49d2-83ec-4ca1d62be30b,502,0,0,1,0
SEM4,31,uuid:47137102-c8f9-46fd-aede-35e2f1fa17c3,426,0,0,1,0
SEM23,32,uuid:4e4493ec-c507-423a-9ce0-ee96fc3e1186,427,0,0,1,0
GOV1,33,uuid:4f9ba36a-606e-4d55-9551-00bc4480f5eb,503,0,0,0,0
GOV16,34,uuid:4ff84af7-ca2c-4549-8594-7ccdc9cebb00,504,0,0,1,0
ORA4,35,uuid:508123db-1452-4e98-a882-b556f8a91302,474,0,0,1,0
NAT36,36,uuid:52efc537-536e-4711-bcbb-d5713d54f50d,461,0,0,1,0
MANAM18,37,uuid:55d4d934-626c-49e7-b1ad-ee4daf8b1a4a,497,0,0,1,0
ORA31,38,uuid:57c50f95-71e1-45ee-b195-e52e276729f1,475,0,0,1,0
KOR7,39,uuid:5c1a711d-d214-4c67-94b7-2eb8ed6009cd,436,0,0,1,0
ELA18,4,uuid:07be751d-08a0-4a5c-b1e5-9634a002969b,520,0,0,1,0
GOV15,40,uuid:5ebe438e-1b7b-4624-b453-8d63c64d577f,505,0,0,0,0
KOR13,41,uuid:61facd1e-9777-4333-8ec1-f00d45042f60,442,0,0,1,0
MAN30,42,uuid:65edc7ba-2951-4b8f-83f6-151c3d9da89c,486,0,0,1,0
KUV33,43,uuid:664395e6-3d9b-467e-a144-f0803cd6fe6d,447,0,0,1,0
MANAM11,44,uuid:687461f3-df83-4e62-b125-8b2525d79f13,491,0,0,1,0
KUV49,45,uuid:79e839fd-ef38-4cb3-b2b0-7ce5ab232ac2,455,0,0,0,0
SEM38,46,uuid:7adb0dd5-413f-4936-8af9-9c5bf5378a04,433,0,0,0,0
KOR8,47,uuid:7ae6bf58-39d2-42ca-a4b8-4c435e1e5a1f,443,0,0,1,0
MANAM27,48,uuid:7b27a673-9ef9-4e74-af9e-975dc288c90c,492,0,0,1,0
SEM50,49,uuid:831da6b3-5128-46fc-a113-b7564d905a83,428,0,0,1,0
SEM3,5,uuid:087694f8-5415-4f5e-acf5-93982b10446c,431,0,0,0,0
ORA6,50,uuid:831f3960-f6a6-47d5-b754-8550c812a56b,476,0,0,1,0
ORA34,51,uuid:84a02f6f-32b4-4daa-a761-9b0cf1dd1ce2,477,0,0,1,0
NAT40,52,uuid:87686aa6-d251-45ab-80d2-1572d07af413,457,0,0,1,0
SEM33,53,uuid:877d0560-5981-491b-b780-6585bf924814,434,0,0,1,0
MANAM7,54,uuid:88b18438-8aff-43af-8cf7-03a54fcd9c6e,498,0,0,0,0
NAT22,55,uuid:88f78363-66a3-4359-8e33-af913f9b5699,458,0,0,1,0
KUV11,56,uuid:8961de1a-1258-45d6-8a77-1b3800aa2f8e,448,0,0,1,0
NAT8,57,uuid:8b248da2-20f8-4d33-b1f1-48b1d1756522,462,0,0,1,0
MANAM29,58,uuid:8b539c5a-9292-4032-b0f4-8b09940ba7f2,493,0,0,1,0
MAN27,59,uuid:8c6ad0c0-8c64-406e-afb6-d3c97d199cea,482,0,0,1,0
KUV3,6,uuid:093495e2-0de5-4b44-8025-cc1ff15e7108,451,0,0,1,0
NAT23,60,uuid:8ce5f59b-b44c-45b3-b8bc-867aeaaa8a93,463,0,0,1,0
GOV24,61,uuid:8efafb8c-b245-4814-a034-b13cfb45956d,506,0,0,1,0
GOV49,62,uuid:9b4490f5-56ba-460a-91e1-b2747dd6d67c,507,0,0,1,0
KOR6,63,uuid:9c74b69b-7e41-4ad6-aeda-91b681fe1a94,437,0,0,1,0
ELA28,64,uuid:9d23d92b-425a-4ba4-b8df-f9adb55f3e35,527,0,0,1,0
KOR12,65,uuid:9f14556f-8aa4-42d1-a8e8-d82f3d40e3d3,438,0,0,1,0
ELA25,66,uuid:9fa560ab-71a7-41c5-bdaf-d53da0ad3848,528,0,0,1,0
ORA13,67,uuid:a4ac9c5c-1d63-4f09-a21a-70462cc8cbdf,478,0,0,1,0
NAT31,68,uuid:a76546be-be18-47c6-b285-e4374c29f4bf,459,0,0,1,0
KOR18,69,uuid:b14c5315-9be2-4edf-9954-a9cee0e13162,439,0,0,1,0
ELA51,7,uuid:0a07e84c-5259-49c3-9e27-826a6e2869b9,525,0,0,1,0
SEM21,70,uuid:b1e8c83a-b91e-49ea-ba4b-9e085bd0ec2d,429,0,0,0,0
ELA34,71,uuid:b3c028a5-af06-41e4-b299-36acbf652d42,521,0,0,1,0
NAT27,72,uuid:b551c8b6-2908-499f-b1c1-5c7c9c6c0aaa,464,0,0,1,0
ELA32,73,uuid:b7817704-13f4-4db3-992e-c8be2c5892cd,522,0,0,1,0
MANAM12,74,uuid:b7a7f506-9be0-426a-a6ca-d612b4819dda,494,0,0,1,0
SEM24,75,uuid:ba25a879-1551-4520-a805-d270d69f34b0,430,0,0,1,0
NAT21,76,uuid:bcdaa8d2-282c-4c1b-b5bb-2e15e9dad4d4,465,0,0,1,0
ELA47,77,uuid:c4fdec61-1d61-4a2d-bd47-be3d17cbc744,523,0,0,1,0
KOR43,78,uuid:c75ad8b5-c773-408f-8066-f8327ccc6bdc,440,0,0,1,0
ORA19,79,uuid:c9e92ee0-e449-4d35-ad60-2a3196ba4de6,469,0,0,1,0
ORA42,8,uuid:142053fe-243a-4035-8746-93dd30108d22,466,0,0,1,0
KAR37,80,uuid:d0e6375b-6e25-46a6-8e05-6d517a0f58a8,517,0,0,1,0
MAN51,81,uuid:d1f4bc1e-b59a-4ddb-831b-266adc1ba452,483,0,0,1,0
KOR31,82,uuid:d3f50299-ac34-4600-a662-d15ba1383d6e,444,0,0,1,0
KUV42,83,uuid:d4d18676-ba2d-43fd-8ae2-a5b8c626e3c9,449,0,0,1,0
ORA3,84,uuid:d74a22a1-63f4-42a4-99eb-63387ebf75ab,479,0,0,1,0
GOV8,85,uuid:d9805b1d-0f02-4418-9412-1fa83d36e0bb,508,0,0,1,0
KUV48,86,uuid:da32c0e1-6aa8-457a-acfd-5ae402601cd5,450,0,0,1,0
ORA5,87,uuid:db928364-91c7-4500-8335-f32c99648e48,470,0,0,1,0
KAR39,88,uuid:e24382eb-9dc3-4cea-8568-bbc799702ce6,512,0,0,1,0
KAR4,89,uuid:e545c787-6164-40a7-ba60-816eba80e577,513,0,0,1,0
ELA48,9,uuid:15a2311a-c10d-462d-8a50-29a67b91b739,526,0,0,1,0
ELA3,90,uuid:e5ea1ca3-d7b5-4af8-9d03-a573e2964ebb,524,0,0,1,0
MANAM46,91,uuid:eb374680-b183-41b8-8ce3-af3c7683aca4,499,0,0,0,0
MAN11,92,uuid:ef709aee-19d2-4240-a59e-ba3fe611392d,484,0,0,1,0
KAR41,93,uuid:efeede8c-d7d5-472e-a7a1-b69a79b15bc1,518,0,0,1,0
SEM14,94,uuid:f39eabe6-b8cd-4bc6-af03-f6b1bf1384eb,435,0,0,1,0
MAN48,95,uuid:f50d1371-8cee-4273-a040-dcb7f43d1dc0,487,0,0,1,0
NAT30,96,uuid:f75c3ee4-1112-46c0-9f23-897b8d6b43f3,460,0,0,1,0
GOV12,97,uuid:f78e2a2e-280c-4f60-b991-76b5968c4b84,509,0,0,1,0
MAN3,98,uuid:f7acfeb9-ee27-4196-8d54-a0b41ee17abe,488,0,0,1,0
KAR24,99,uuid:f7c0aded-b61a-4d89-ac2b-3e245be4c006,514,0,0,1,0
ELA21,ADEP41,uuid:62ad7210-2d2c-4e4d-a8c6-6501a63d2fee,382,1,0,0,0
ELA30,ADEP42,uuid:a1ab2a63-6e1c-4366-8da2-61ce7f23d6a7,383,1,1,1,1
ELA40,ADEP43,uuid:c66a8b2a-28cb-4a87-83f5-bfc5b92f69f0,399,1,1,1,1
ELA24,ADEP44,uuid:7e8b1a8c-3964-4a34-abdc-c8c605849b1f,400,1,1,1,1
ELA22,ADEP45,uuid:3861883b-c353-442b-af95-e6c94c14e2f7,401,1,1,1,1
ELA33,ADEP46,uuid:8e0b0fc2-c75d-4646-a949-4c7749d6b3cc,384,1,1,1,1
ELA20,ADEP47,uuid:72886a9c-bd55-499c-b8f5-44f1339c553e,402,1,1,1,1
GOV42,ADGP194,uuid:6b162917-4b4d-4787-a719-3fe27af6f755,296,1,1,1,1
GOV32,ADGP195,uuid:ea87aa71-281e-4cc2-a449-9ba5483a2608,297,1,1,1,1
GOV25,ADGP196,uuid:49eaa858-d375-4342-b04c-8ccffa93ea76,298,1,1,1,1
GOV48,ADGP197,uuid:a6097c43-dd3b-40d0-9d42-7350ecbd35ab,299,1,1,1,1
GOV19,ADGP198,uuid:9a6b611c-4ef6-4fc2-872d-6c25bd2f5406,300,1,1,1,1
GOV51,ADGP199,uuid:73f2f7ac-cae0-497e-aba9-02bd92d93613,301,1,1,1,1
KOR5,ADKOR226,uuid:8375ebad-2160-4ac0-ba2a-65ffa079667f,147,1,1,1,1
KOR37,ADKOR227,uuid:521600d7-e364-42fc-8f0d-f799e74637e1,148,1,1,1,1
KOR17,ADKOR228,uuid:00b05341-085a-46ad-9776-f1272b6872e6,128,1,1,1,1
KOR9,ADKOR229,uuid:547e37d9-20f3-4553-be74-8e7a7e162e4f,129,1,1,1,1
KOR16,ADKOR230,uuid:77cb7501-b16a-4783-9f3e-c1a84460fe88,130,1,1,1,1
KOR11,ADKOR231,uuid:b6368567-0a4c-4cd0-848b-7909cd3159da,131,1,1,1,1
KOR44,ADKOR232,uuid:0595322c-603f-4c45-a333-9f80c0c140fc,132,1,1,1,1
KOR42,ADKOR233,uuid:e6c98c2b-5feb-415d-b265-5718af37f2f8,133,1,1,1,1
KOR45,ADKOR234,uuid:8ebeda34-43ae-4a2c-a133-b955a3ad90da,134,1,1,1,1
KOR19,ADKOR235,uuid:948d3bff-24d0-44fc-b606-10944cc4c953,149,1,1,1,1
KUV18,ADKU138,uuid:ebfb1d75-ba54-49a7-a324-affb036c88aa,165,1,1,1,1
KUV26,ADKU139,uuid:89f0734d-db4a-4660-8c9f-c54fcd6f8ddb,166,1,1,1,1
KUV43,ADKU140,uuid:1e54d083-cb15-489a-bbf2-18838a93056f,167,1,1,1,1
MAN33,ADMPO10,uuid:4b7468d8-f291-4ddd-842e-fb8d0a80cff1,19,1,0,0,0
MAN12,ADMPO11,uuid:7d6245da-9a20-4e39-b62d-804f71503260,20,1,1,1,1
MAN17,ADMPO12,uuid:9c31c232-1dc3-4864-9f1f-a6863bc468ed,21,1,0,0,0
MAN41,ADMPO13,uuid:02d79b87-6ddd-4664-bd2a-9a37515ab3b6,1,1,1,1,1
MAN38,ADMPO14,uuid:b1642729-04a7-44c4-940c-c15ac2f8a349,22,1,0,0,0
MAN32,ADMPO8,uuid:87d1aa0e-312d-4313-91da-9af172da2ce9,23,1,1,1,1
MAN28,ADMPO9,uuid:7f35c399-5e9d-4d1c-bca8-669afdb94697,24,1,1,1,1
SEM31,ADSEM117,uuid:9f7a0da7-c4a8-48fa-9d75-aa39df967da1,106,1,1,1,1
SEM22,ADSEM118,uuid:a2ca42b3-5dc4-45e0-ab4e-918e561a46bc,107,1,1,1,1
SEM39,ADSEM119,uuid:fd5f2eaa-588e-4f4b-9a42-83b62b9998c4,108,1,0,0,0
SEM19,ADSEM120,uuid:eeb920cd-c1db-4215-b243-e9372c474753,109,1,0,0,0
SEM34,ADSEM121,uuid:22297000-c5c3-4e0c-8ecf-2a130205b728,110,1,0,0,0
SEM51,ADSEM122,uuid:dbc0eae9-310c-42d5-b1d8-e7d15a51a784,111,1,1,1,1
SEM30,ADSEM123,uuid:b44a44b9-a9c3-4b84-8dc0-085ed7961dec,112,1,1,1,1
GOV22,ANDGP193,uuid:c2d03ebc-5c0e-415a-a655-001859f7a68f,302,1,1,1,1
KAR32,ANDKARU282,uuid:d92d4760-c143-430d-848d-ae199496a356,340,1,1,1,1
KAR45,ANDKARU283,uuid:0e075c0e-4b4a-461b-af2c-b61c39347738,341,1,1,1,1
KAR2,ANDKARU284,uuid:4679e64c-28cc-4bbf-acdc-7035d7f56f06,342,1,1,1,1
KAR25,ANDKARU285,uuid:3502a333-6356-4267-ad32-ad6d32029c51,343,1,1,1,1
KAR16,ANDKARU286,,,0,0,0,0
KAR12,ANDKARU287,uuid:723cf9c6-5085-46b9-aaa3-51dc7364745f,345,1,1,1,1
KAR38,ANDKARU288,uuid:cd94146d-f48f-475c-8416-78e984a3dccd,346,1,1,1,1
MANAM5,ANDMTP321,uuid:c35b6d2f-a178-4de1-80d7-e7052ecd7e32,58,1,1,1,1
MANAM50,ANDMTP322,uuid:8ddf086d-0993-4ff7-813b-1f63dd46b1bf,43,1,1,1,1
MANAM36,ANDMTP323,uuid:31eb18f2-0c0f-40cc-92f8-40289ba87ddb,44,1,1,1,1
MANAM40,ANDMTP324,,45,0,1,0,0
MANAM43,ANDMTP325,uuid:803f7348-3501-4495-981d-0b9258d57d53,59,1,1,1,1
MANAM42,ANDMTP326,uuid:74dcb391-1f79-4293-9a7b-03bb0a82f7fc,60,1,1,1,1
MANAM31,ANDMTP327,uuid:b674627c-df7d-4e5c-9778-70daa8d9a262,46,1,0,0,0
MANAM47,ANDMTP328,uuid:597830d8-68a9-444c-aa7e-427e705b0f5e,61,1,1,1,1
MANAM51,ANDMTP329,uuid:c1dc5f5e-c49f-42e2-8460-3b3e2faeb9a9,47,1,1,1,1
NAT24,ANDNAT364,uuid:ddf8a47d-0f8e-494f-93d4-1e54a0794f71,209,1,1,1,1
NAT12,ANDNAT365,uuid:96becde9-a23f-4f80-a5d0-7adf5ef61a67,210,1,1,1,1
NAT39,ANDNAT366,uuid:da893017-2541-42dc-9dab-d517d777b92b,211,1,1,1,1
NAT4,ANDNAT367,uuid:00f4ae00-9575-461b-8a7d-2be9e5dfbf78,228,1,1,1,1
NAT35,ANDNAT368,uuid:85adeee0-8611-4ba0-b9fa-ec35acd557da,212,1,0,0,0
NAT9,ANDNAT369,uuid:baf9be94-5a44-427d-9ecb-e00cd5ff5a25,213,1,1,1,1
NAT49,ANDNAT370,uuid:1a178ed2-1597-4f45-a639-f409007fab05,214,1,0,0,0
ORA22,ANDOR402,uuid:0e0ee627-fa19-4c61-a9c4-cf84afbeecd4,252,1,1,1,1
ORA30,ANDOR403,uuid:1a8044af-2831-4f69-b815-1acda4e54c8b,253,1,1,1,1
ORA21,ANDOR404,uuid:45b98913-fe19-44bd-b909-b41246240c8a,254,1,1,1,1
ORA23,ANDOR405,uuid:9020eaf9-2e69-421d-8c8f-b5bbc44b310c,255,1,1,1,1
ORA44,ANDOR406,uuid:581b659f-1eb0-42d9-90fd-24779962d15c,256,1,1,1,1
ORA33,ANDOR407,uuid:2d42097c-1f31-4bb8-9a08-7bfac56c60aa,257,1,1,1,1
ORA18,ANDOR408,uuid:5550123a-7bf3-4e81-8769-c092742a54ce,258,1,1,1,1
ELA11,ANTEP240,uuid:1c068e5d-4bdb-4a30-8a3b-1cae4bbcc62d,385,1,1,1,1
ELA35,ANTEP56,uuid:8c7e529f-bbc0-4977-b2d6-b2b91addd9e0,403,1,0,0,0
ELA26,ANTEP57,uuid:fa20428a-e884-47ad-ac34-e8e83933f1c3,404,1,1,1,1
GOV44,ANTGP161,uuid:c9e5ad89-fdd4-4b91-bb93-6098de9e8603,303,1,1,1,1
GOV13,ANTGP162,uuid:f83761be-3362-4e71-b65b-5d72e3f1a014,304,1,0,0,0
GOV2,ANTGP163,uuid:4a71a117-e7af-4f8d-875d-5a3af05b5694,305,1,0,0,0
GOV31,ANTGP164,uuid:6058c905-3f35-461f-b0f0-bbcb46308627,306,1,0,0,0
GOV26,ANTGP236,uuid:fa829dba-bbe4-4166-95db-f98251714447,307,1,1,1,1
GOV40,ANTGP237,uuid:f31d421f-8c19-448b-a471-23772f76ccef,308,1,1,1,1
GOV29,ANTGP238,uuid:116d66e8-f707-4223-9945-d9c8874dc2d5,309,1,1,1,1
KAR30,ANTKARU276,uuid:1a980afc-f35b-4cae-b0ea-84f8bf673cc0,347,1,1,1,1
KAR10,ANTKARU277,uuid:a117ed20-d0ca-4daf-b88b-b0ee06930141,348,1,1,1,1
KAR27,ANTKARU278,uuid:6bad1959-158b-4ed4-af07-f257fbc0feeb,349,1,1,1,1
KAR36,ANTKARU279,uuid:4127118b-59ff-4db1-a857-1641b70415c9,350,1,1,1,1
KAR11,ANTKARU280,uuid:8aeef32f-8d22-481b-8e71-cbfe49fea98e,351,1,1,1,1
KAR14,ANTKARU281,uuid:850e3aa1-1e6e-442d-9b55-6d778d307e42,352,1,0,0,0
KUV23,ANTKU136,uuid:a80735af-38ec-4daa-aca0-4c87c64ea92f,186,1,1,1,1
KUV41,ANTKU137,uuid:56fff6dc-aaff-46bd-8658-e84f658c3273,168,1,1,1,1
KUV40,ANTKU239,uuid:5fe43ea4-9d21-47fc-8384-0bf346eeb055,169,1,1,1,1
MAN18,ANTMP241,uuid:6ba477f3-8785-4191-a5da-9af17186dfe5,2,1,1,1,1
MAN52,ANTMP242,uuid:e7e957a3-f202-4d71-80c7-e858bacb2013,3,1,0,0,0
MAN14,ANTMP36,uuid:709865ef-e61f-4030-bc45-01da6d7f912d,4,1,1,1,1
MAN2,ANTMP37,uuid:389268a8-5aaa-409b-81a7-2d2b571ca913,5,1,0,0,0
MAN15,ANTMP38,uuid:6da195a8-9357-4021-8dd6-6fde2711262f,6,1,1,1,1
MAN44,ANTMP39,uuid:c5c104df-c416-4977-a837-18e0a7290cf9,7,1,0,0,0
MAN19,ANTMP40,uuid:b7ed12c8-2cdb-43d7-8d46-a5edeb6ad919,8,1,1,1,1
MANAM39,ANTMTP317,uuid:c42807fa-76c8-4620-ba65-5e2d373360be,48,1,1,1,1
MANAM8,ANTMTP318,uuid:93485640-2c2e-44db-929a-cce0b78df584,62,1,1,1,1
MANAM30,ANTMTP319,uuid:38c74b3e-f359-4015-bffb-b4b5bb0f166d,49,1,1,1,1
MANAM2,ANTMTP320,uuid:12a0a6f6-8bff-44b2-ba7b-f802f83532c2,50,1,1,1,1
NAT28,ANTNAT357,uuid:318a9c1c-e92a-4c81-bafe-eb1973e94702,215,1,1,1,1
NAT34,ANTNAT358,uuid:2baf304d-abe3-456f-af6d-ed2320c3f0de,216,1,0,0,0
NAT51,ANTNAT359,uuid:0dcfb586-f1ae-49ac-aa0d-a7c5dfed806c,217,1,0,0,0
NAT48,ANTNAT360,uuid:78817304-5ca2-42d3-9b67-843366b5afde,218,1,1,1,1
NAT20,ANTNAT361,uuid:1f120ace-1042-4eec-a398-851491a11b30,219,1,1,1,1
NAT47,ANTNAT362,uuid:5ddaed64-11cb-4a8a-a146-951b9d041a2a,220,1,1,1,1
NAT45,ANTNAT363,uuid:ce5711dc-94fd-45ee-a5c1-423e475bd96e,221,1,1,1,1
ORA15,ANTOR398,uuid:6bc67b6a-49ef-40ca-89f8-5442f14df1fb,259,1,1,1,1
ORA14,ANTOR399,uuid:7d58fca3-952b-44b7-93a4-b4a30e7b5b95,260,1,1,1,1
ORA9,ANTOR400,uuid:ba97ea13-f20c-4518-86b9-e29e4e091ce6,261,1,1,1,1
ORA36,ANTOR401,uuid:b6802956-c0b6-442e-b416-73d9acd4d137,262,1,1,1,1
SEM27,ANTSEM100,uuid:d2a949dd-362f-410f-ab97-6585ff314b3b,113,1,1,1,1
SEM36,ANTSEM98,uuid:5808d423-e9a2-4303-b4a7-f4a250833033,114,1,1,1,1
SEM15,ANTSEM99,uuid:c4738d93-654e-4cc8-b50c-4689f3d3bce8,115,1,1,1,1
ELA41,PSEP74,uuid:2c8da432-1be7-4879-b570-dbab81b136ab,405,1,1,1,1
ELA49,PSEP75,uuid:584cb9e3-eb1c-4e6a-b6c7-46a58eb17e46,386,1,0,0,0
ELA13,PSEP76,uuid:94415c57-915a-40ff-b87e-5bba519c6709,387,1,1,1,1
ELA43,PSEP77,uuid:d6989469-10af-4d6d-8827-69ed49c4719f,388,1,1,1,1
ELA5,PSEP78,uuid:127cd654-d8fe-470e-811c-f322957b8a1c,389,1,0,0,0
ELA16,PSEP79,uuid:0f7af92e-073b-4383-964a-e683563f4a42,390,1,0,0,0
ELA45,PSEP80,uuid:8d8cacc3-38f9-4630-9719-edd639102ad0,407,1,1,1,1
ELA38,PSEP81,uuid:8c1f84f9-d3a9-49ca-996f-6c8f5275b994,406,1,1,1,1
GOV41,PSGP181,uuid:c3d90828-93c6-446f-bc99-30716ce7838a,310,1,0,0,0
GOV52,PSGP182,uuid:dac16dbf-a8d5-47d6-9169-9fc8598fd7e9,311,1,1,1,1
GOV3,PSGP183,uuid:22bcf266-0c6f-499a-8274-7f25853ff882,312,1,1,1,1
GOV35,PSGP184,uuid:c2c79069-ed41-4450-be95-a208311e5778,313,1,1,1,1
KAR42,PSKARU262,uuid:8b108b2f-4e23-498f-aa73-85c1f819cfb6,362,1,1,1,1
KAR23,PSKARU263,uuid:ee391643-30f5-44a8-b179-285ea90078cd,363,1,1,1,1
KAR20,PSKARU264,uuid:cb188bea-e87f-4295-990f-a7bcc5f6f652,364,1,1,1,1
KAR21,PSKARU265,uuid:a12bbf07-88f1-46fb-a255-6a6b6706f2c3,365,1,1,1,1
KAR6,PSKARU266,uuid:d79d6f32-3b57-4210-adc0-8d30e3fab49b,366,1,1,1,1
KAR34,PSKARU267,uuid:934457ab-8bdd-421e-a421-062939465bd5,367,1,1,1,1
KAR18,PSKARU268,uuid:75d61016-374e-48fa-b53c-2b36b3408b52,368,1,1,1,1
KOR27,PSKOR200,uuid:e066c0e4-863e-42fe-8f9f-d52486ee5c58,135,1,1,1,1
KOR35,PSKOR201,uuid:a83605b5-7618-41a2-b2b7-0838fe3503da,150,1,1,1,1
KOR2,PSKOR202,uuid:b1974dc2-aad3-49fd-bc31-87bd66179c60,151,1,0,0,0
KOR40,PSKOR203,uuid:22697a91-f33b-4983-809b-c4cfd2041a6f,152,1,1,1,1
KOR4,PSKOR204,uuid:f9491364-6e52-465b-a00d-4bb036d649c1,153,1,0,0,0
KOR23,PSKOR205,uuid:be94713b-e473-4b44-88cc-b7d2e447d3a3,154,1,1,1,1
KUV4,PSKU126,uuid:d79314fb-5c08-4507-9273-5c10ab964675,188,1,1,1,1
KUV8,PSKU127,,189,0,0,0,0
KUV46,PSKU128,uuid:8234b5de-bfe6-4bae-9e1e-f0245e19a180,170,1,0,0,0
KUV17,PSKU129,uuid:4de83805-e699-4636-b787-88e24284e642,190,1,1,1,1
KUV2,PSKU130,uuid:7f98466a-267a-49b9-9a6e-5f17a0407e9b,171,1,0,0,0
KUV13,PSKU131,uuid:12a09642-0491-4007-99d6-1188ca5faae1,172,1,1,1,1
KUV27,PSKU132,uuid:ee73e76e-b047-4e85-85fd-b3acc589d1b8,191,1,1,1,1
KUV16,PSKU133,,192,0,0,0,0
KUV21,PSKU134,uuid:c723c617-4141-48b0-8f0c-226b331e4144,193,1,1,1,1
KUV25,PSKU135,,194,0,1,0,0
MAN46,PSMPO15,uuid:e73b9bd7-f7f3-4ac0-b360-ffcd09758ff4,25,1,1,1,1
MAN10,PSMPO16,uuid:4be52f60-59a2-45cf-9774-74f880a2877d,26,1,1,1,1
MAN43,PSMPO17,uuid:eddd8027-20ec-45d4-a96a-58b863797b68,27,1,1,1,1
MAN47,PSMPO18,uuid:76279b78-6d4d-4880-9c44-ea59b4234e33,28,1,1,1,1
MAN22,PSMPO19,uuid:a97afa4a-6283-492c-bf11-dd9269d400da,29,1,1,1,1
MAN7,PSMPO20,uuid:e28affce-e3c6-4f53-8112-d16427869ea9,30,1,0,0,0
MAN31,PSMPO21,uuid:5e787e06-7054-442b-ad5e-70426528b57a,31,1,1,1,1
MANAM15,PSMTP306,uuid:78383f9e-1f2f-4d1a-9b56-b23c501520f2,63,1,0,0,0
MANAM16,PSMTP307,uuid:5e03c392-4396-4659-bf80-e73ebe7b6e91,64,1,0,0,0
MANAM17,PSMTP308,uuid:5bd7eec6-42a4-4832-abe2-137e512ee78a,65,1,1,1,1
MANAM45,PSMTP309,uuid:c3754c17-d102-41df-93d1-f1bd78466da8,66,1,1,1,1
MANAM4,PSMTP310,uuid:0740a1ad-0b80-4ebd-a905-fd7dc3c82793,51,1,1,1,1
MANAM22,PSMTP311,uuid:05ec727e-eb71-4706-8864-3402a257e99a,67,1,1,1,1
MANAM49,PSMTP312,uuid:dfe09e8d-99df-4b37-a4db-e9343d9a9f13,68,1,1,1,1
MANAM33,PSMTP313,uuid:9c66ab58-2dc9-4b60-82c8-ba4c7e694be3,69,1,1,1,1
NAT1,PSNAT343,uuid:63fcdc9d-258b-44f1-ad2a-f758b41d87e7,229,1,1,1,1
NAT16,PSNAT344,uuid:c9fb953a-465c-438d-a6ef-a8fba9f8cbe0,230,1,1,1,1
NAT13,PSNAT345,uuid:95630e7b-36be-4f12-862c-1698ed5e7c12,231,1,1,1,1
NAT44,PSNAT346,uuid:7f416012-eb38-4bac-b6a7-bdba4e685397,232,1,0,0,0
NAT25,PSNAT347,uuid:c1ebb273-13d3-4f9d-a967-cb5904471a10,233,1,0,0,0
NAT38,PSNAT348,uuid:b9b475fa-ac6c-42f2-8c0d-40af0ba1cc0e,234,1,1,1,1
NAT10,PSNAT349,uuid:f313dd8b-1b26-4059-b40a-b101a0acfdcb,235,1,0,0,0
ORA26,PSOR384,uuid:99d46d10-f1cf-47e9-bdf1-b5bb5dd29868,271,1,1,1,1
ORA24,PSOR385,uuid:66390a90-0161-46d4-a7c5-8769be2a1df8,272,1,1,1,1
ORA27,PSOR386,uuid:630633b8-d026-44f6-b448-d5c5e9702f43,273,1,1,1,1
ORA32,PSOR387,uuid:bc7ca102-1ada-4c51-ac90-bd0f35af7ffb,274,1,1,1,1
ORA28,PSOR388,uuid:1334526f-f135-49bb-80ef-7ba35a24c448,275,1,1,1,1
ORA49,PSOR389,uuid:fb4500c5-a106-4dcf-a49b-477722865e9f,276,1,1,1,1
ORA2,PSOR390,uuid:34836551-712a-4e43-bec9-956d63cc2259,277,1,1,1,1
SEM17,PSSEM90,uuid:24b8133a-edef-46f2-8b3f-ec350c7b1632,84,1,1,1,1
SEM26,PSSEM91,uuid:8380069d-0c7d-41f6-b487-dd4e66377170,85,1,1,1,1
SEM47,PSSEM92,uuid:bf458ed0-cc3c-41a0-bf1d-e1f1339bf21b,86,1,1,1,1
SEM43,PSSEM93,uuid:837acac5-1a51-4180-a716-bb3b1aaf5d03,87,1,1,1,1
SEM44,PSSEM94,uuid:cc0b53f3-6988-455d-bf5b-7d57ef36521b,88,1,1,1,1
SEM42,PSSEM95,uuid:e94ec504-d21d-401b-9523-ddb9ade5a670,116,1,1,1,1
SEM12,PSSEM96,uuid:61a66564-f80f-4dde-b457-8c2d3bb4e68e,117,1,1,1,1
SEM18,PSSEM97,uuid:84aaf986-614e-4a31-b580-16c61e47706e,89,1,1,1,1
ELA15,RAEP66,uuid:55609960-a8f0-465c-b1bb-c6b4239972c6,408,1,1,1,1
ELA12,RAEP67,uuid:f840538c-7431-437d-b70b-778e74c1e107,391,1,0,0,0
ELA7,RAEP68,uuid:fbe2328b-890f-4bcd-82a1-d033c9986aed,392,1,1,1,1
ELA4,RAEP69,uuid:33c97f6f-cfa8-48de-a82c-b7b8caa6cd71,409,1,0,0,0
ELA19,RAEP70,uuid:b95c98da-ac19-4b3d-92f5-57ec528ce4cf,410,1,1,1,1
ELA27,RAEP71,uuid:809e952c-6be5-44b5-8414-182d324a6b5b,411,1,1,1,1
ELA37,RAEP72,uuid:2d9904c0-9890-4bd6-89a6-84e8c02f79ce,412,1,1,1,1
ELA8,RAEP73,uuid:cb4fe354-df11-45c2-b5e8-17b4ab087187,413,1,1,1,1
GOV36,RAGP169,,337,0,0,0,0
GOV7,RAGP170,uuid:2f3ad43a-521e-4077-ac16-d7566cd7e351,314,1,1,1,1
GOV47,RAGP171,,315,0,0,0,0
GOV20,RAGP172,uuid:af76f1c4-624b-4da6-a888-26ec666cd4ca,316,1,0,0,0
GOV17,RAGP173,uuid:ac8f60fc-e21f-45fe-86ba-76ceb459e8c5,317,1,0,0,0
GOV5,RAGP174,,318,0,1,0,0
GOV4,RAGP175,uuid:666304cc-d5e5-4b0d-b79e-e7b0dfdf992f,319,1,0,0,0
GOV21,RAGP176,uuid:30187ee9-dd3b-4a82-b20f-6ec0db908a4c,320,1,0,0,0
KAR33,RAKARU256,uuid:abefe76f-bf58-4b71-ab71-1d64a7a33c5e,369,1,1,1,1
KAR8,RAKARU257,uuid:cda1a57f-a1b0-4bf9-b151-2b3c8939af76,370,1,1,1,1
KAR47,RAKARU258,uuid:54980831-51dc-4c1f-9340-39df84c943fa,371,1,1,1,1
KAR29,RAKARU259,uuid:a6115c68-6cd6-406e-9991-caaf0b15e029,372,1,1,1,1
KAR28,RAKARU260,uuid:481eaa5e-17db-49e5-92cd-0e0b975475cc,373,1,1,1,1
KAR49,RAKARU261,uuid:e93eca4e-a0b4-491a-8095-eaf70f0305c2,374,1,1,1,1
KOR41,RAKOR206,uuid:feea6473-a217-4abf-8a1c-e1dc7cd6b43d,155,1,1,1,1
KOR3,RAKOR207,uuid:059ce108-5334-44cd-840c-2e160267046b,136,1,1,1,1
KOR25,RAKOR208,uuid:ceb95ee7-8136-459e-b89c-32eaddf824a2,156,1,1,1,1
KOR30,RAKOR209,uuid:0bd2d8b2-5a95-4f16-b9cc-5414151710d1,157,1,1,1,1
KOR36,RAKOR210,uuid:ce565e8e-451a-457f-a05f-77d394bc59a5,158,1,1,1,1
KOR15,RAKOR211,uuid:676c5651-8aaf-410e-871e-808961fccc69,159,1,1,1,1
KUV47,RAKU141,uuid:4e3a8d00-0083-47ce-8acc-4e9e305d68b4,195,1,0,0,0
KUV22,RAKU142,uuid:3ed13d21-3fbd-4a33-a557-48b68f5ed065,173,1,0,0,0
KUV35,RAKU143,uuid:e3d5075a-9dad-4278-a125-a2dd01cdf99b,174,1,0,0,0
KUV36,RAKU144,uuid:c382b100-2ae2-49a5-a5a0-be7b48fe4e42,196,1,0,0,0
KUV28,RAKU145,uuid:0f421b5c-b081-416c-a8ca-93c430d0961e,197,1,1,1,1
KUV1,RAKU146,uuid:187e2011-c2fe-469f-b09d-18a76a4f02a9,198,1,1,1,1
KUV20,RAKU147,uuid:62cc4d66-3dfc-41a7-8d21-8718bb09b667,199,1,1,1,1
KUV44,RAKU148,uuid:39110c77-6bc2-4c6c-9e78-f8923d54163b,175,1,1,1,1
KUV7,RAKU149,uuid:ec89aa1a-4942-40c5-88f0-189fa73aae0a,176,1,1,1,1
KUV32,RAKU150,uuid:d89ce693-aafe-4b0d-915c-39589e2115e7,200,1,1,1,1
MAN35,RAMPO22,,9,0,0,0,0
MAN29,RAMPO23,,32,0,0,0,0
MAN5,RAMPO24,uuid:1ecd591c-8cd5-4e7c-82ae-81c0b141f815,33,1,1,1,1
MAN23,RAMPO25,uuid:0a65be11-4042-4459-89af-5a2e97262952,34,1,1,1,1
MAN8,RAMPO26,uuid:2fed18dd-dce7-44ce-821b-164c65a718b9,35,1,1,1,1
MAN45,RAMPO27,uuid:ea71f70c-adac-4154-9cfd-36595ce10a6d,10,1,1,1,1
MAN26,RAMPO28,uuid:a46f8233-0a92-403d-b003-ed8e6a2872d7,11,1,0,0,0
MANAM25,RAMTP298,uuid:6c722d1f-d5fa-4d1b-aab9-9f6e8d3bcabd,70,1,1,1,1
MANAM24,RAMTP299,uuid:a45717f6-15bb-4239-bda0-93fb47584519,71,1,1,1,1
MANAM14,RAMTP300,uuid:d18d2759-4b79-4f71-9d85-cbcf3af99eee,52,1,1,1,1
MANAM21,RAMTP301,uuid:10ad226b-289f-44cc-8bee-57eeb6b23ea2,53,1,1,1,1
MANAM26,RAMTP302,uuid:463a8a9a-cc2f-4f5a-9e4c-e716171d8ddd,72,1,1,1,1
MANAM19,RAMTP303,,54,0,1,0,0
MANAM20,RAMTP304,uuid:72b2a3d4-01fc-4e07-b7c6-32a3c86ac31a,73,1,1,1,1
MANAM38,RAMTP305,uuid:9eff25cc-d09e-4e15-bdf9-03a8d2c119e3,74,1,1,1,1
NAT11,RANAT336,uuid:94e1ec13-3618-4995-bd9d-eb810d9ade40,236,1,1,1,1
NAT37,RANAT337,uuid:4624308e-8639-46fd-abe7-100dabbe955d,237,1,1,1,1
NAT50,RANAT338,uuid:7005dd86-abb4-4dca-adcd-08d31e8b1600,238,1,1,1,1
NAT15,RANAT339,uuid:9e6feaf8-908b-4d76-8cbd-482954ee04d5,239,1,1,1,1
NAT26,RANAT340,uuid:f05e0231-7ec7-44c2-9650-14e1eb681290,240,1,1,1,1
NAT18,RANAT341,uuid:aeb8f2d2-6f83-4bd5-8d19-f367e2fa60cb,241,1,1,1,1
NAT32,RANAT342,uuid:456af75f-2c03-4505-868b-e96dbb00fba9,242,1,1,1,1
ORA35,RAOR378,uuid:d35fd473-8f07-437a-b6d2-b51962ac7c94,278,1,1,1,1
ORA48,RAOR379,uuid:37f30134-0e28-4120-beee-6480a892c6ac,279,1,1,1,1
ORA41,RAOR380,uuid:3815d31b-befe-4096-bad0-915bc45f6c28,280,1,1,1,1
ORA39,RAOR381,uuid:d232f36e-e88a-4556-8001-175d2290f351,281,1,1,1,1
ORA46,RAOR382,uuid:ead27950-12d8-48b6-b62f-331d8b95e775,282,1,1,1,1
ORA12,RAOR383,uuid:343f557a-1331-481f-b59f-4cf63c4598d8,283,1,0,0,0
SEM45,RASEM82,uuid:d2fdf8f6-3fbf-465b-8865-f06dad536515,120,1,1,1,1
SEM5,RASEM83,uuid:ef6f8144-5340-4596-b8d5-d7cf3c584416,119,1,1,1,1
SEM46,RASEM84,uuid:1bb4e917-9a71-4ca0-99bd-96c2dbdad19e,118,1,1,1,1
SEM32,RASEM85,uuid:def7d6bb-ada6-490d-a749-5344b4c71548,90,1,1,1,1
SEM8,RASEM86,uuid:d32ae647-fc9a-40bf-8161-5919a7a1e6ea,121,1,1,1,1
SEM6,RASEM87,uuid:cf93b16b-f33c-4eb6-b5e0-79cb351dbede,122,1,1,1,1
SEM37,RASEM88,uuid:06a570a1-916a-419d-a8ae-5912a8d9002f,91,1,1,1,1
SEM28,RASEM89,uuid:7861b7f7-08e5-4fe0-9cb0-273930af446f,92,1,1,1,1
ELA36,SIEP58,uuid:e2238ee6-de5e-43b8-8080-20c667eec2ff,414,1,0,0,0
ELA44,SIEP59,uuid:44c2b844-2c5d-46f0-b264-f711b019901f,415,1,0,0,0
ELA31,SIEP60,uuid:d6616173-f323-4f9f-95aa-e3861a6c8b72,416,1,0,0,0
ELA14,SIEP61,uuid:c295a9b5-f20e-4f97-80d3-30a407e73ccf,417,1,0,0,0
ELA10,SIEP62,uuid:525b2bab-4c97-4479-b8d5-562e3880c56b,393,1,1,1,1
ELA42,SIEP63,uuid:ffefbaf9-67e2-4a91-b067-c7e1aa134efa,394,1,1,1,1
ELA1,SIEP64,uuid:8d63df0f-1b86-4f3a-97fc-2abcf338f8bf,395,1,1,1,1
ELA52,SIEP65,uuid:a046f37e-bb99-462c-86f2-9b707deeb3cc,418,1,0,0,0
GOV39,SIGP185,uuid:f1435f23-7443-4811-a2ec-0d31fbacc6f5,321,1,1,1,1
GOV38,SIGP186,uuid:85f128ee-58f8-46d4-899b-8e55b5947a30,322,1,1,1,1
GOV46,SIGP187,uuid:c30a9f72-fdf6-440c-90ad-4c05baffe439,323,1,0,0,0
GOV34,SIGP188,uuid:0ba649a3-9aef-4a90-a489-e5cf7c42e9c8,324,1,1,1,1
GOV50,SIGP189,uuid:8f9bf965-cb33-4354-a047-cb029a2a43a5,325,1,0,0,0
GOV28,SIGP190,uuid:c72c8527-7c35-4996-940b-53fb227450cb,326,1,1,1,1
GOV10,SIGP191,,327,0,1,0,0
GOV33,SIGP192,uuid:0da4d673-37df-4750-a325-e3dc56201480,328,1,0,0,0
KAR19,SIKARU249,uuid:f4693477-e134-48d0-a2f3-eca5279a30cf,375,1,1,1,1
KAR9,SIKARU250,uuid:9ba93fa5-ceed-41d3-84c8-02708323e0e8,376,1,0,0,0
KAR13,SIKARU251,uuid:30fa6b4a-767d-4343-b6c8-0b7f111f2399,377,1,1,1,1
KAR43,SIKARU252,uuid:d8256128-806c-4919-8216-9226c3fdc047,378,1,1,1,1
KAR26,SIKARU253,uuid:b8165553-a35f-4921-ac91-febfd58a0032,379,1,1,1,1
KAR46,SIKARU254,uuid:34281147-d2be-48b9-9a66-060d6ea41d8e,353,1,1,1,1
KAR44,SIKARU255,uuid:03af4737-0dc6-4cf9-9260-bf12e82b77da,354,1,1,1,1
KOR34,SIKOR212,uuid:01336211-bd20-4d8f-96e1-25e69c612a35,137,1,1,1,1
KOR14,SIKOR213,uuid:6200de71-614d-4732-91e4-b698f362a2c3,138,1,1,1,1
KOR22,SIKOR214,uuid:64254dbf-9db0-4179-acce-cf3d7dfe3ee7,139,1,0,0,0
KOR39,SIKOR215,uuid:c40f03b2-c758-4c72-9cda-6d77aa45228d,140,1,1,1,1
KOR24,SIKOR216,uuid:a455df85-e5c8-4fc8-9ade-1ab4d04e9185,141,1,1,1,1
KOR33,SIKOR217,uuid:ec9900c5-b81d-45b6-8318-461db0a4a976,142,1,1,1,1
KUV10,SIKU151,,177,0,1,0,0
KUV31,SIKU152,uuid:e3c77508-4a3e-40d8-8e7e-776c9fc7df2f,178,1,0,0,0
KUV50,SIKU153,uuid:8f4f1705-e3d7-4f62-b033-58d71de83718,201,1,0,0,0
KUV15,SIKU154,uuid:8d3a83dd-f82c-49b2-bcc2-29bb31d2ecb3,202,1,0,0,0
KUV30,SIKU155,uuid:ebd1fdae-47dc-415b-8c6b-3662d92e64da,203,1,0,0,0
KUV29,SIKU156,uuid:3850ecfb-597c-4c9d-ac7a-183fa449b35a,204,1,1,1,1
KUV9,SIKU157,uuid:4a0b0674-3095-4b92-ab46-2daba0d5414e,205,1,1,1,1
KUV12,SIKU158,uuid:5bdd78a1-ed16-42e1-b610-06fe73c0aa2e,206,1,1,1,1
KUV19,SIKU159,uuid:780c8d69-5f32-4cdb-87bb-760f8979002d,207,1,1,1,1
KUV38,SIKU160,uuid:d238b5e3-3b2c-4de5-b3ad-75861fb02ff3,179,1,0,0,0
MAN37,SIMPO1,uuid:48a867b4-08da-428c-82f1-0a35934e78d0,36,1,0,0,0
MAN39,SIMPO2,uuid:ccf91767-f881-4a7c-b80a-625bde97a4d1,37,1,1,1,1
MAN16,SIMPO3,uuid:4ab064bb-3340-4bb9-8fe9-933e36cf60e2,38,1,1,1,1
MAN13,SIMPO4,uuid:5f4c151e-62e4-4f22-b88f-2aad8e3dc0f3,39,1,1,1,1
MAN49,SIMPO5,uuid:f2a2808d-0a25-4b77-ac03-c50c501987c2,40,1,0,0,0
MAN21,SIMPO6,uuid:a0c7053d-b228-49e4-ae9e-0188603e1811,41,1,1,1,1
MAN25,SIMPO7,uuid:85e1f47b-92db-40fe-99b1-9494f786c7be,42,1,1,1,1
MANAM48,SIMTP289,uuid:252d26eb-184b-4b8b-adcb-9bb15bb041f0,75,1,1,1,1
MANAM23,SIMTP290,uuid:2c0192fb-fea1-4f2e-a02f-ed41b9c14807,76,1,1,1,1
MANAM13,SIMTP291,uuid:76939ed5-3f98-4069-974b-722e5225176b,55,1,1,1,1
MANAM3,SIMTP292,uuid:b34f385e-b0db-492b-a471-6088718f8560,77,1,0,0,0
MANAM32,SIMTP293,uuid:872313d4-988a-4cd3-ba30-3d59f68cac30,56,1,1,1,1
MANAM1,SIMTP294,uuid:04d84b34-44b8-43bf-ad5e-b226db49db3e,78,1,0,0,0
MANAM34,SIMTP295,,57,0,1,0,0
MANAM37,SIMTP296,uuid:1bbc9e34-c540-4a27-a60f-16b772a165c5,79,1,1,1,1
MANAM28,SIMTP297,uuid:63ad0082-190d-4924-b71c-e40ec4158604,80,1,0,0,0
NAT46,SINAT330,uuid:c7e2782e-74c5-4d07-824d-115ce0a22782,243,1,1,1,1
NAT14,SINAT331,uuid:7271ec5d-69a1-4a3f-949f-3d98fd6efa1c,244,1,0,0,0
NAT29,SINAT332,uuid:65046bab-4328-4b56-b76f-1e4144ee8dd0,245,1,1,1,1
NAT2,SINAT333,uuid:50689380-07c2-475e-8907-ce5427480cc2,246,1,1,1,1
NAT3,SINAT334,uuid:1813a057-f4dc-4b90-8a4c-1522a72c387d,247,1,0,0,0
NAT6,SINAT335,uuid:755f3168-b667-4a63-a86f-a4d28135c443,248,1,1,1,1
ORA43,SIOR371,uuid:bd5d1b89-9922-4d9b-b3b7-1e6a46528933,284,1,1,1,1
ORA8,SIOR372,uuid:03448664-46ca-4519-8209-de355a7e8b31,285,1,1,1,1
ORA17,SIOR373,uuid:3c4611de-ffad-4e30-8065-96922f5d47a6,286,1,1,1,1
ORA45,SIOR374,uuid:544225ab-5dc2-4a81-9d0d-cd21b5d749fa,287,1,1,1,1
ORA51,SIOR375,uuid:de2c658c-1aa2-414e-972f-385b26364469,288,1,0,0,0
ORA29,SIOR376,uuid:78ace2c6-a0cf-4eb9-8e2e-aa724df3b886,289,1,1,1,1
ORA40,SIOR377,uuid:bb9aa5b8-af37-40d9-9fab-c6e489a9bdc8,290,1,1,1,1
SEM20,SISEM101,uuid:5972238d-013a-411b-8e6e-14da561e45f7,93,1,1,1,1
SEM9,SISEM102,uuid:a650185d-044c-41ef-a39e-3326ce6dddb3,94,1,1,1,1
SEM2,SISEM103,uuid:01e2263f-26de-447d-87c5-f9af8c177bbf,95,1,1,1,1
SEM1,SISEM104,uuid:bd3e0f33-2d78-4acc-827d-5fc4968edde7,96,1,1,1,1
SEM41,SISEM105,uuid:241622a1-14b6-4cdd-830e-45ea031ae1f3,97,1,0,0,0
SEM48,SISEM106,uuid:4665066e-eea0-41b4-a3d6-57b61228882e,98,1,1,1,1
SEM10,SISEM107,uuid:9dd01961-376f-4f5d-add7-b2af01be9107,99,1,1,1,1
SEM7,SISEM108,uuid:bd0c2b2a-5af6-424e-9448-bab856ba25f2,100,1,1,1,1
SEM29,SISEM109,uuid:7f621167-4489-4883-9d0e-280295593d49,101,1,1,1,1
ELA23,VENEP48,uuid:f7fae8d2-4c28-44bd-957a-209ed70741f3,396,1,1,1,1
ELA9,VENEP49,uuid:208c602e-cbae-4005-aea0-96e1d3430954,419,1,1,1,1
ELA6,VENEP50,uuid:287cdedc-cf23-44f2-8e76-55aba844250a,420,1,1,1,1
ELA17,VENEP51,uuid:de57165d-ec2b-4f98-8f63-c7a14213d445,421,1,1,1,1
ELA46,VENEP52,,422,0,0,0,0
ELA50,VENEP53,uuid:a8a37be7-cc96-4fb5-a627-0c9b09e6786d,423,1,1,1,1
ELA2,VENEP54,uuid:bb1bf1a0-5f1c-4070-9d32-b93b07f45e97,397,1,1,1,1
ELA39,VENEP55,uuid:c54ffe33-2754-40cf-8eed-8770af2aaecd,398,1,1,1,1
GOV18,VENGP165,uuid:20e563c4-8f88-40b7-8279-425971394029,329,1,1,1,1
GOV23,VENGP166,uuid:9dd73c70-1145-4c46-b087-2074e9bbd5e6,330,1,1,1,1
GOV6,VENGP167,uuid:ef8583e7-4f7a-4fbb-94a8-f520a72a16f8,331,1,1,1,1
GOV9,VENGP168,,332,0,1,0,0
GOV11,VENGP177,uuid:64b9823b-79fc-4917-8ef1-732005a38ba0,333,1,1,1,1
GOV14,VENGP178,uuid:609efbfc-453a-48d6-a7c1-e7d35e57bfb8,334,1,1,1,1
GOV45,VENGP179,uuid:c5068d6f-130c-4074-95f4-d4f5cfab8d2b,335,1,1,1,1
GOV37,VENGP180,uuid:06e2b1f0-954f-4a3e-8723-1aeac335aa9f,336,1,0,0,0
KAR17,VENKARU269,uuid:88acbb6b-a66f-45d7-9a7e-b99ea439f0e0,355,1,1,1,1
KAR7,VENKARU270,uuid:064199f1-5b48-4c01-8d10-8897e2532362,356,1,0,0,0
KAR35,VENKARU271,uuid:f614c55d-02d7-45c7-b660-8c0ccc45ab3c,357,1,1,1,1
KAR48,VENKARU272,uuid:a0df279a-4a70-4e4f-a5a0-6d013136335d,358,1,1,1,1
KAR15,VENKARU273,uuid:09977dee-9c88-4277-89e6-b5d7a6e524ab,359,1,1,1,1
KAR3,VENKARU274,uuid:2ea578b1-b3a4-4532-9750-d6fc0f5f08c9,360,1,1,1,1
KAR50,VENKARU275,uuid:9dc44802-170f-4aa6-9c19-f633fe8eafc2,361,1,1,1,1
KOR32,VENKOR218,uuid:ab1d1462-ffd0-4a1b-b7cb-4969321c8bdb,160,1,1,1,1
KOR26,VENKOR219,uuid:b334d440-90f2-4815-bbc9-bd73e0331527,161,1,1,1,1
KOR38,VENKOR220,uuid:cd65012a-e5b1-4f92-8eed-50ba485b62da,162,1,1,1,1
KOR10,VENKOR221,uuid:96b99b66-dee2-4a30-806e-fd734d974812,163,1,1,1,1
KOR20,VENKOR223,uuid:813a12d2-a425-496e-9441-e3991adb8c30,143,1,1,1,1
KOR29,VENKOR224,uuid:c2fda044-d053-47b2-b693-58d34e7f70be,144,1,1,1,1
KOR1,VENKOR225,uuid:0742a50d-0a67-46f7-ba6b-b65092b7761b,145,1,1,1,1
KUV34,VENKU124,uuid:806bcbf0-11c9-4f57-a4cf-69e5ae57ffaa,180,1,1,1,1
KUV39,VENKU125,uuid:00d604bf-7769-4456-8641-92e64ebb9c01,181,1,1,1,1
KUV6,VENKU243,uuid:7c7e1aa9-4792-46b9-bcaa-b3d7e7b28327,182,1,1,1,1
KUV52,VENKU244,uuid:efdf5b26-1d65-4b1f-9054-842f1b9ade6d,183,1,1,1,1
KUV37,VENKU245,uuid:fd4ce8ff-8fea-49a8-9e17-6ad2ffe308a3,184,1,1,1,1
KUV14,VENKU246,uuid:0982285a-3c86-477f-b863-8c5f9ff3da9f,185,1,1,1,1
MAN42,VENMPO29,uuid:d00c25d5-5174-4103-aa12-d49296b6fa3c,12,1,1,1,1
MAN36,VENMPO30,uuid:c4cad231-6527-4ca5-a6a4-fce79a38d0f2,13,1,0,0,0
MAN1,VENMPO31,uuid:390905c9-ee49-4e1e-8a4a-80e4741b7140,14,1,1,1,1
MAN34,VENMPO32,uuid:e9436318-6604-4087-8503-e9b60c5622ea,15,1,1,1,1
MAN50,VENMPO33,uuid:e804beec-7f01-4be3-88d9-fa9ad870149a,16,1,0,0,0
MAN20,VENMPO34,uuid:e847a4d4-ea2a-4a01-95f2-25a37de516e9,17,1,1,1,1
MAN9,VENMPO35,uuid:6e46a611-26c1-4c9d-a08d-f4fdecb0600d,18,1,0,0,0
MANAM10,VENMTP314,uuid:1f36bb08-5bc0-4955-9186-b9ecae97e00f,81,1,1,1,1
MANAM9,VENMTP315,uuid:e6c82233-3043-43d5-8463-1971f3e51ffc,82,1,1,1,1
MANAM41,VENMTP316,uuid:f20291ba-73ca-46d4-902c-40bab02e68ec,83,1,1,1,1
NAT5,VENNAT350,uuid:bf24520a-2493-421c-8cdc-cfdea3c93699,249,1,1,1,1
NAT7,VENNAT351,uuid:c8ae9142-b839-47b9-88e6-33ac1c8650ad,222,1,1,1,1
NAT41,VENNAT352,uuid:d4ece943-b0c3-457c-8328-68333afaab41,223,1,1,1,1
NAT19,VENNAT353,uuid:a8b9b1bc-1463-4e77-b64c-c6c5c7e1286e,224,1,1,1,1
NAT33,VENNAT354,uuid:a049567e-1188-4e9a-8875-4dce306cffdf,250,1,1,1,1
NAT43,VENNAT355,uuid:f16cea95-ff43-4f0f-93d9-ed139b6e6a72,225,1,1,1,1
NAT17,VENNAT356,uuid:7dff3ca3-e693-4df2-a2bd-a60549a1cae7,226,1,1,1,1
ORA25,VENOR391,uuid:61eebc2f-dbcf-4c8d-b1c1-db47af15e320,263,1,1,1,1
ORA10,VENOR392,uuid:58338ee8-eaac-40d8-b963-33a2c5a996db,264,1,1,1,1
ORA1,VENOR393,uuid:1aa5f188-ff37-463b-9763-eb3bcb1a3e80,265,1,1,1,1
ORA47,VENOR394,uuid:711402b0-4ee7-42c8-9105-4553812b162d,266,1,1,1,1
ORA52,VENOR395,uuid:bb97690c-d11b-449c-8370-a271ff7501d9,267,1,1,1,1
ORA37,VENOR396,,268,0,0,0,0
ORA38,VENOR397,uuid:9f650881-8382-48ff-8757-9f012a0dfe8f,269,1,1,1,1
SEM25,VENSEM110,uuid:2e066ed6-6f69-4931-b4ea-e89226ad6fd6,123,1,1,1,1
SEM40,VENSEM111,uuid:726f401a-4983-4e27-af79-3a00c55a9393,102,1,1,1,1
SEM35,VENSEM112,uuid:ac3185f8-5606-4306-ae67-3a0c95666849,103,1,1,1,1
SEM16,VENSEM113,uuid:4e015d7e-1ce4-4f87-bc7d-a9a67c0aab86,104,1,1,1,1
SEM52,VENSEM114,uuid:d9c81cd5-f335-4a75-8771-e444872bae86,124,1,1,1,1
SEM13,VENSEM115,uuid:491a848e-a1b6-40b3-af94-e1d15a03b529,125,1,1,1,1
SEM49,VENSEM116,uuid:2d281749-239d-42f4-9b2e-55a0d1cc02c2,126,1,1,1,1
